first_name,last_name,email,gender,age,car,job,favourite_film
Lodovico,Duddle,lduddle0@squidoo.com,Male,25,BMW,Analyst Programmer,Romance
Kristi,Mulderrig,kmulderrig1@earthlink.net,Female,71,Renault,Technical Writer,Thrille
Pattie,Churm,pchurm2@sakura.ne.jp,Female,66,Renault,Compensation Analyst,Comedy
Bax,Winger,bwinger3@wisc.edu,Male,57,Mazda,Physical Therapy Assistant,Comedy
Roselle,Dufore,rdufore4@wired.com,Female,38,Renault,Payment Adjustment Coordinator,Action
Dexter,Muggleton,dmuggleton5@nytimes.com,Male,26,Mazda,Assistant Professor,Drama
Marven,Whelpton,mwhelpton6@g.co,Male,76,Opel,Analog Circuit Design manager,Comedy
Zahara,Muselli,zmuselli7@cornell.edu,Female,57,Ford,Financial Analyst,Thrille
Olga,Bucktharp,obucktharp8@mediafire.com,Female,36,Opel,Associate Professor,Comedy
Bryna,Earl,bearl9@slashdot.org,Female,70,Renault,Executive Secretary,Thrille
Jori,Pechard,jpecharda@pen.io,Female,75,Renault,Sales Associate,Romance
Morgen,Risbridger,mrisbridgerb@spotify.com,Male,64,Dacia,Clinical Specialist,Drama
Frederigo,McGeorge,fmcgeorgec@latimes.com,Male,79,Renault,Cost Accountant,Thrille
Buiron,Helstrip,bhelstripd@msu.edu,Male,62,Opel,VP Product Management,Drama
Marieann,Godmer,mgodmere@t-online.de,Female,75,Renault,Recruiting Manager,Thrille
Redford,Bucke,rbuckef@army.mil,Male,58,Renault,Business Systems Development Analyst,Thrille
Norrie,Taylo,ntaylog@pbs.org,Male,35,Renault,Computer Systems Analyst I,Thrille
Flin,Tebbitt,ftebbitth@dot.gov,Male,58,Opel,Developer I,Drama
Andy,Raddon,araddoni@army.mil,Female,72,Renault,Budget/Accounting Analyst I,Thrille
Shana,Well,swellj@japanpost.jp,Female,64,Renault,Marketing Manager,Drama
